{
	"credit": "Made with Blockbench",
	"texture_size": [24, 16],
	"textures": {
		"0": "custom/hats/covid_mask",
		"particle": "custom/hats/covid_mask"
	},
	"elements": [
		{
			"name": "Front",
			"from": [4, 4, 4],
			"to": [12, 12, 4],
			"faces": {
				"north": {"uv": [5.33333, 0, 10.66667, 16], "texture": "#0"},
				"south": {"uv": [5.33333, 0, 10.66667, 16], "texture": "#0"}
			}
		},
		{
			"name": "Left",
			"from": [4, 4, 4],
			"to": [4, 12, 12],
			"faces": {
				"east": {"uv": [0, 0, 5.33333, 16], "texture": "#0"},
				"west": {"uv": [10.66667, 0, 16, 16], "texture": "#0"}
			}
		},
		{
			"name": "Right",
			"from": [12, 4, 4],
			"to": [12, 12, 12],
			"faces": {
				"east": {"uv": [0, 0, 5.33333, 16], "texture": "#0"},
				"west": {"uv": [10.66667, 0, 16, 16], "texture": "#0"}
			}
		}
	],
	"display": {
		"thirdperson_righthand": {
			"rotation": [22, -40, 10],
			"translation": [-3, -0.5, -1.25]
		},
		"thirdperson_lefthand": {
			"rotation": [22, -40, 10],
			"translation": [-3, -0.5, -1.25]
		},
		"gui": {
			"rotation": [0, -180, 0],
			"translation": [0, 3, 0],
			"scale": [2, 2, 2]
		},
		"head": {
			"scale": [2, 2, 2]
		},
		"fixed": {
			"translation": [0, 3, -0.5],
			"scale": [2, 2, 0.5]
		}
	}
}